qid,docid,docno,rank,score,query
1,2958,2958,0,28.946196235080407, rooms AND rescue AND nottingham
1,3091,3091,1,28.946196235080407, rooms AND rescue AND nottingham
1,11289,11289,2,28.946196235080407, rooms AND rescue AND nottingham
1,2557,2557,3,28.517416534454014, rooms AND rescue AND nottingham
1,9076,9076,4,28.517416534454014, rooms AND rescue AND nottingham
1,11647,11647,5,28.517416534454014, rooms AND rescue AND nottingham
1,12301,12301,6,28.517416534454014, rooms AND rescue AND nottingham
1,1182,1182,7,28.10115442921709, rooms AND rescue AND nottingham
1,2368,2368,8,28.10115442921709, rooms AND rescue AND nottingham
1,2582,2582,9,28.10115442921709, rooms AND rescue AND nottingham
1,2591,2591,10,28.10115442921709, rooms AND rescue AND nottingham
1,3399,3399,11,28.10115442921709, rooms AND rescue AND nottingham
1,3523,3523,12,28.10115442921709, rooms AND rescue AND nottingham
1,4380,4380,13,28.10115442921709, rooms AND rescue AND nottingham
1,4538,4538,14,28.10115442921709, rooms AND rescue AND nottingham
1,4637,4637,15,28.10115442921709, rooms AND rescue AND nottingham
1,5188,5188,16,28.10115442921709, rooms AND rescue AND nottingham
1,5935,5935,17,28.10115442921709, rooms AND rescue AND nottingham
1,6181,6181,18,28.10115442921709, rooms AND rescue AND nottingham
1,6324,6324,19,28.10115442921709, rooms AND rescue AND nottingham
1,6815,6815,20,28.10115442921709, rooms AND rescue AND nottingham
1,7123,7123,21,28.10115442921709, rooms AND rescue AND nottingham
1,8844,8844,22,28.10115442921709, rooms AND rescue AND nottingham
1,8904,8904,23,28.10115442921709, rooms AND rescue AND nottingham
1,8908,8908,24,28.10115442921709, rooms AND rescue AND nottingham
1,9397,9397,25,28.10115442921709, rooms AND rescue AND nottingham
1,9945,9945,26,28.10115442921709, rooms AND rescue AND nottingham
1,11530,11530,27,28.10115442921709, rooms AND rescue AND nottingham
1,11682,11682,28,28.10115442921709, rooms AND rescue AND nottingham
1,11895,11895,29,28.10115442921709, rooms AND rescue AND nottingham
1,12072,12072,30,28.10115442921709, rooms AND rescue AND nottingham
1,13060,13060,31,28.10115442921709, rooms AND rescue AND nottingham
1,13085,13085,32,28.10115442921709, rooms AND rescue AND nottingham
1,13290,13290,33,28.10115442921709, rooms AND rescue AND nottingham
1,1055,1055,34,27.696869656168996, rooms AND rescue AND nottingham
1,1320,1320,35,27.696869656168996, rooms AND rescue AND nottingham
1,2332,2332,36,27.696869656168996, rooms AND rescue AND nottingham
1,2398,2398,37,27.696869656168996, rooms AND rescue AND nottingham
1,2428,2428,38,27.696869656168996, rooms AND rescue AND nottingham
1,2666,2666,39,27.696869656168996, rooms AND rescue AND nottingham
1,2726,2726,40,27.696869656168996, rooms AND rescue AND nottingham
1,2872,2872,41,27.696869656168996, rooms AND rescue AND nottingham
1,2952,2952,42,27.696869656168996, rooms AND rescue AND nottingham
1,3434,3434,43,27.696869656168996, rooms AND rescue AND nottingham
1,3752,3752,44,27.696869656168996, rooms AND rescue AND nottingham
1,4508,4508,45,27.696869656168996, rooms AND rescue AND nottingham
1,4583,4583,46,27.696869656168996, rooms AND rescue AND nottingham
1,4969,4969,47,27.696869656168996, rooms AND rescue AND nottingham
1,4971,4971,48,27.696869656168996, rooms AND rescue AND nottingham
1,4980,4980,49,27.696869656168996, rooms AND rescue AND nottingham
1,5421,5421,50,27.696869656168996, rooms AND rescue AND nottingham
1,6670,6670,51,27.696869656168996, rooms AND rescue AND nottingham
1,6799,6799,52,27.696869656168996, rooms AND rescue AND nottingham
1,7308,7308,53,27.696869656168996, rooms AND rescue AND nottingham
1,7525,7525,54,27.696869656168996, rooms AND rescue AND nottingham
1,7576,7576,55,27.696869656168996, rooms AND rescue AND nottingham
1,8319,8319,56,27.696869656168996, rooms AND rescue AND nottingham
1,8515,8515,57,27.696869656168996, rooms AND rescue AND nottingham
1,9216,9216,58,27.696869656168996, rooms AND rescue AND nottingham
1,9572,9572,59,27.696869656168996, rooms AND rescue AND nottingham
1,9573,9573,60,27.696869656168996, rooms AND rescue AND nottingham
1,9800,9800,61,27.696869656168996, rooms AND rescue AND nottingham
1,9870,9870,62,27.696869656168996, rooms AND rescue AND nottingham
1,9955,9955,63,27.696869656168996, rooms AND rescue AND nottingham
1,10731,10731,64,27.696869656168996, rooms AND rescue AND nottingham
1,10845,10845,65,27.696869656168996, rooms AND rescue AND nottingham
1,12468,12468,66,27.696869656168996, rooms AND rescue AND nottingham
1,12623,12623,67,27.696869656168996, rooms AND rescue AND nottingham
1,12885,12885,68,27.696869656168996, rooms AND rescue AND nottingham
1,12920,12920,69,27.696869656168996, rooms AND rescue AND nottingham
1,13265,13265,70,27.696869656168996, rooms AND rescue AND nottingham
1,13644,13644,71,27.696869656168996, rooms AND rescue AND nottingham
1,13702,13702,72,27.696869656168996, rooms AND rescue AND nottingham
1,9229,9229,73,27.30405260172428, rooms AND rescue AND nottingham
1,12708,12708,74,27.30405260172428, rooms AND rescue AND nottingham
1,13704,13704,75,27.30405260172428, rooms AND rescue AND nottingham
1,13766,13766,76,27.30405260172428, rooms AND rescue AND nottingham
1,9631,9631,77,26.922222158832213, rooms AND rescue AND nottingham
1,7557,7557,78,26.550923761234436, rooms AND rescue AND nottingham
1,4895,4895,79,25.83822685447577, rooms AND rescue AND nottingham
1,888,888,80,11.23641445498394, rooms AND rescue AND nottingham
1,191,191,81,10.79083092461544, rooms AND rescue AND nottingham
1,362,362,82,10.114278620850914, rooms AND rescue AND nottingham
1,8349,8349,83,9.692456187199102, rooms AND rescue AND nottingham
1,2723,2723,84,9.546723194266148, rooms AND rescue AND nottingham
1,3872,3872,85,9.546723194266148, rooms AND rescue AND nottingham
1,4120,4120,86,9.546723194266148, rooms AND rescue AND nottingham
1,5004,5004,87,9.546723194266148, rooms AND rescue AND nottingham
1,7082,7082,88,9.546723194266148, rooms AND rescue AND nottingham
1,847,847,89,9.460445259992719, rooms AND rescue AND nottingham
1,259,259,90,9.426184614606422, rooms AND rescue AND nottingham
1,1213,1213,91,9.405307683918727, rooms AND rescue AND nottingham
1,1408,1408,92,9.405307683918727, rooms AND rescue AND nottingham
1,2948,2948,93,9.405307683918727, rooms AND rescue AND nottingham
1,5447,5447,94,9.405307683918727, rooms AND rescue AND nottingham
1,11040,11040,95,9.405307683918727, rooms AND rescue AND nottingham
1,11244,11244,96,9.405307683918727, rooms AND rescue AND nottingham
1,11641,11641,97,9.405307683918727, rooms AND rescue AND nottingham
1,1001,1001,98,9.268020592285481, rooms AND rescue AND nottingham
1,1301,1301,99,9.268020592285481, rooms AND rescue AND nottingham
1,1365,1365,100,9.268020592285481, rooms AND rescue AND nottingham
1,1599,1599,101,9.268020592285481, rooms AND rescue AND nottingham
1,2441,2441,102,9.268020592285481, rooms AND rescue AND nottingham
1,2487,2487,103,9.268020592285481, rooms AND rescue AND nottingham
1,3041,3041,104,9.268020592285481, rooms AND rescue AND nottingham
1,3126,3126,105,9.268020592285481, rooms AND rescue AND nottingham
1,3141,3141,106,9.268020592285481, rooms AND rescue AND nottingham
1,3191,3191,107,9.268020592285481, rooms AND rescue AND nottingham
1,3546,3546,108,9.268020592285481, rooms AND rescue AND nottingham
1,4207,4207,109,9.268020592285481, rooms AND rescue AND nottingham
1,4649,4649,110,9.268020592285481, rooms AND rescue AND nottingham
1,5069,5069,111,9.268020592285481, rooms AND rescue AND nottingham
1,5804,5804,112,9.268020592285481, rooms AND rescue AND nottingham
1,6022,6022,113,9.268020592285481, rooms AND rescue AND nottingham
1,6884,6884,114,9.268020592285481, rooms AND rescue AND nottingham
1,7292,7292,115,9.268020592285481, rooms AND rescue AND nottingham
1,8099,8099,116,9.268020592285481, rooms AND rescue AND nottingham
1,8127,8127,117,9.268020592285481, rooms AND rescue AND nottingham
1,8140,8140,118,9.268020592285481, rooms AND rescue AND nottingham
1,8244,8244,119,9.268020592285481, rooms AND rescue AND nottingham
1,8402,8402,120,9.268020592285481, rooms AND rescue AND nottingham
1,8414,8414,121,9.268020592285481, rooms AND rescue AND nottingham
1,8531,8531,122,9.268020592285481, rooms AND rescue AND nottingham
1,8555,8555,123,9.268020592285481, rooms AND rescue AND nottingham
1,9721,9721,124,9.268020592285481, rooms AND rescue AND nottingham
1,9732,9732,125,9.268020592285481, rooms AND rescue AND nottingham
1,10448,10448,126,9.268020592285481, rooms AND rescue AND nottingham
1,10591,10591,127,9.268020592285481, rooms AND rescue AND nottingham
1,10898,10898,128,9.268020592285481, rooms AND rescue AND nottingham
1,11199,11199,129,9.268020592285481, rooms AND rescue AND nottingham
1,11420,11420,130,9.268020592285481, rooms AND rescue AND nottingham
1,12809,12809,131,9.268020592285481, rooms AND rescue AND nottingham
1,12921,12921,132,9.268020592285481, rooms AND rescue AND nottingham
1,13250,13250,133,9.268020592285481, rooms AND rescue AND nottingham
1,13269,13269,134,9.268020592285481, rooms AND rescue AND nottingham
1,1200,1200,135,9.134683735566831, rooms AND rescue AND nottingham
1,1471,1471,136,9.134683735566831, rooms AND rescue AND nottingham
1,1700,1700,137,9.134683735566831, rooms AND rescue AND nottingham
1,3443,3443,138,9.134683735566831, rooms AND rescue AND nottingham
1,3884,3884,139,9.134683735566831, rooms AND rescue AND nottingham
1,4025,4025,140,9.134683735566831, rooms AND rescue AND nottingham
1,4688,4688,141,9.134683735566831, rooms AND rescue AND nottingham
1,5136,5136,142,9.134683735566831, rooms AND rescue AND nottingham
1,5308,5308,143,9.134683735566831, rooms AND rescue AND nottingham
1,5902,5902,144,9.134683735566831, rooms AND rescue AND nottingham
1,6157,6157,145,9.134683735566831, rooms AND rescue AND nottingham
1,6476,6476,146,9.134683735566831, rooms AND rescue AND nottingham
1,6748,6748,147,9.134683735566831, rooms AND rescue AND nottingham
1,6790,6790,148,9.134683735566831, rooms AND rescue AND nottingham
1,7297,7297,149,9.134683735566831, rooms AND rescue AND nottingham
1,7323,7323,150,9.134683735566831, rooms AND rescue AND nottingham
1,7327,7327,151,9.134683735566831, rooms AND rescue AND nottingham
1,8517,8517,152,9.134683735566831, rooms AND rescue AND nottingham
1,8582,8582,153,9.134683735566831, rooms AND rescue AND nottingham
1,9575,9575,154,9.134683735566831, rooms AND rescue AND nottingham
1,9705,9705,155,9.134683735566831, rooms AND rescue AND nottingham
1,9733,9733,156,9.134683735566831, rooms AND rescue AND nottingham
1,9780,9780,157,9.134683735566831, rooms AND rescue AND nottingham
1,10844,10844,158,9.134683735566831, rooms AND rescue AND nottingham
1,11301,11301,159,9.134683735566831, rooms AND rescue AND nottingham
1,11398,11398,160,9.134683735566831, rooms AND rescue AND nottingham
1,11514,11514,161,9.134683735566831, rooms AND rescue AND nottingham
1,11582,11582,162,9.134683735566831, rooms AND rescue AND nottingham
1,12037,12037,163,9.134683735566831, rooms AND rescue AND nottingham
1,12290,12290,164,9.134683735566831, rooms AND rescue AND nottingham
1,12372,12372,165,9.134683735566831, rooms AND rescue AND nottingham
1,12613,12613,166,9.134683735566831, rooms AND rescue AND nottingham
1,12680,12680,167,9.134683735566831, rooms AND rescue AND nottingham
1,12712,12712,168,9.134683735566831, rooms AND rescue AND nottingham
1,12946,12946,169,9.134683735566831, rooms AND rescue AND nottingham
1,13154,13154,170,9.134683735566831, rooms AND rescue AND nottingham
1,13184,13184,171,9.134683735566831, rooms AND rescue AND nottingham
1,13445,13445,172,9.134683735566831, rooms AND rescue AND nottingham
1,13574,13574,173,9.134683735566831, rooms AND rescue AND nottingham
1,13602,13602,174,9.134683735566831, rooms AND rescue AND nottingham
1,1130,1130,175,9.005129038489711, rooms AND rescue AND nottingham
1,1319,1319,176,9.005129038489711, rooms AND rescue AND nottingham
1,1551,1551,177,9.005129038489711, rooms AND rescue AND nottingham
1,3288,3288,178,9.005129038489711, rooms AND rescue AND nottingham
1,3560,3560,179,9.005129038489711, rooms AND rescue AND nottingham
1,3788,3788,180,9.005129038489711, rooms AND rescue AND nottingham
1,3847,3847,181,9.005129038489711, rooms AND rescue AND nottingham
1,4142,4142,182,9.005129038489711, rooms AND rescue AND nottingham
1,4401,4401,183,9.005129038489711, rooms AND rescue AND nottingham
1,6216,6216,184,9.005129038489711, rooms AND rescue AND nottingham
1,7552,7552,185,9.005129038489711, rooms AND rescue AND nottingham
1,8136,8136,186,9.005129038489711, rooms AND rescue AND nottingham
1,9875,9875,187,9.005129038489711, rooms AND rescue AND nottingham
1,11518,11518,188,9.005129038489711, rooms AND rescue AND nottingham
1,12659,12659,189,9.005129038489711, rooms AND rescue AND nottingham
1,336,336,190,8.67596594668702, rooms AND rescue AND nottingham
1,900,900,191,8.637764708170488, rooms AND rescue AND nottingham
1,489,489,192,8.62802085821964, rooms AND rescue AND nottingham
1,558,558,193,8.111046543816975, rooms AND rescue AND nottingham
1,493,493,194,8.053443786618386, rooms AND rescue AND nottingham
1,799,799,195,8.02807804618899, rooms AND rescue AND nottingham
1,4331,4331,196,7.9870710541236445, rooms AND rescue AND nottingham
1,4460,4460,197,7.9870710541236445, rooms AND rescue AND nottingham
1,5641,5641,198,7.9870710541236445, rooms AND rescue AND nottingham
1,8079,8079,199,7.9870710541236445, rooms AND rescue AND nottingham
1,9027,9027,200,7.9870710541236445, rooms AND rescue AND nottingham
1,12090,12090,201,7.9870710541236445, rooms AND rescue AND nottingham
1,12562,12562,202,7.9870710541236445, rooms AND rescue AND nottingham
1,830,830,203,7.956821932252269, rooms AND rescue AND nottingham
1,933,933,204,7.886595040950252, rooms AND rescue AND nottingham
1,1412,1412,205,7.866979743210846, rooms AND rescue AND nottingham
1,2254,2254,206,7.866979743210846, rooms AND rescue AND nottingham
1,2820,2820,207,7.866979743210846, rooms AND rescue AND nottingham
1,3760,3760,208,7.866979743210846, rooms AND rescue AND nottingham
1,4422,4422,209,7.866979743210846, rooms AND rescue AND nottingham
1,4474,4474,210,7.866979743210846, rooms AND rescue AND nottingham
1,4549,4549,211,7.866979743210846, rooms AND rescue AND nottingham
1,4578,4578,212,7.866979743210846, rooms AND rescue AND nottingham
1,4781,4781,213,7.866979743210846, rooms AND rescue AND nottingham
1,4856,4856,214,7.866979743210846, rooms AND rescue AND nottingham
1,5101,5101,215,7.866979743210846, rooms AND rescue AND nottingham
1,6036,6036,216,7.866979743210846, rooms AND rescue AND nottingham
1,8397,8397,217,7.866979743210846, rooms AND rescue AND nottingham
1,9931,9931,218,7.866979743210846, rooms AND rescue AND nottingham
1,10260,10260,219,7.866979743210846, rooms AND rescue AND nottingham
1,10320,10320,220,7.866979743210846, rooms AND rescue AND nottingham
1,11059,11059,221,7.866979743210846, rooms AND rescue AND nottingham
1,11307,11307,222,7.866979743210846, rooms AND rescue AND nottingham
1,11792,11792,223,7.866979743210846, rooms AND rescue AND nottingham
1,12055,12055,224,7.866979743210846, rooms AND rescue AND nottingham
1,13031,13031,225,7.866979743210846, rooms AND rescue AND nottingham
1,13456,13456,226,7.866979743210846, rooms AND rescue AND nottingham
1,819,819,227,7.828402045207566, rooms AND rescue AND nottingham
1,1028,1028,228,7.750446254951004, rooms AND rescue AND nottingham
1,1098,1098,229,7.750446254951004, rooms AND rescue AND nottingham
1,1314,1314,230,7.750446254951004, rooms AND rescue AND nottingham
1,1650,1650,231,7.750446254951004, rooms AND rescue AND nottingham
1,1965,1965,232,7.750446254951004, rooms AND rescue AND nottingham
1,2944,2944,233,7.750446254951004, rooms AND rescue AND nottingham
1,3317,3317,234,7.750446254951004, rooms AND rescue AND nottingham
1,3843,3843,235,7.750446254951004, rooms AND rescue AND nottingham
1,3863,3863,236,7.750446254951004, rooms AND rescue AND nottingham
1,4193,4193,237,7.750446254951004, rooms AND rescue AND nottingham
1,4536,4536,238,7.750446254951004, rooms AND rescue AND nottingham
1,4550,4550,239,7.750446254951004, rooms AND rescue AND nottingham
1,6059,6059,240,7.750446254951004, rooms AND rescue AND nottingham
1,7159,7159,241,7.750446254951004, rooms AND rescue AND nottingham
1,7224,7224,242,7.750446254951004, rooms AND rescue AND nottingham
1,7587,7587,243,7.750446254951004, rooms AND rescue AND nottingham
1,7697,7697,244,7.750446254951004, rooms AND rescue AND nottingham
1,7890,7890,245,7.750446254951004, rooms AND rescue AND nottingham
1,8435,8435,246,7.750446254951004, rooms AND rescue AND nottingham
1,8765,8765,247,7.750446254951004, rooms AND rescue AND nottingham
1,8979,8979,248,7.750446254951004, rooms AND rescue AND nottingham
1,9070,9070,249,7.750446254951004, rooms AND rescue AND nottingham
1,9463,9463,250,7.750446254951004, rooms AND rescue AND nottingham
1,9467,9467,251,7.750446254951004, rooms AND rescue AND nottingham
1,9774,9774,252,7.750446254951004, rooms AND rescue AND nottingham
1,9834,9834,253,7.750446254951004, rooms AND rescue AND nottingham
1,10291,10291,254,7.750446254951004, rooms AND rescue AND nottingham
1,10738,10738,255,7.750446254951004, rooms AND rescue AND nottingham
1,10921,10921,256,7.750446254951004, rooms AND rescue AND nottingham
1,10923,10923,257,7.750446254951004, rooms AND rescue AND nottingham
1,11007,11007,258,7.750446254951004, rooms AND rescue AND nottingham
1,11238,11238,259,7.750446254951004, rooms AND rescue AND nottingham
1,11324,11324,260,7.750446254951004, rooms AND rescue AND nottingham
1,12194,12194,261,7.750446254951004, rooms AND rescue AND nottingham
1,12415,12415,262,7.750446254951004, rooms AND rescue AND nottingham
1,13394,13394,263,7.750446254951004, rooms AND rescue AND nottingham
1,13571,13571,264,7.750446254951004, rooms AND rescue AND nottingham
1,13708,13708,265,7.750446254951004, rooms AND rescue AND nottingham
1,1080,1080,266,7.637314791211512, rooms AND rescue AND nottingham
1,1262,1262,267,7.637314791211512, rooms AND rescue AND nottingham
1,1380,1380,268,7.637314791211512, rooms AND rescue AND nottingham
1,1386,1386,269,7.637314791211512, rooms AND rescue AND nottingham
1,1522,1522,270,7.637314791211512, rooms AND rescue AND nottingham
1,1525,1525,271,7.637314791211512, rooms AND rescue AND nottingham
1,1617,1617,272,7.637314791211512, rooms AND rescue AND nottingham
1,1622,1622,273,7.637314791211512, rooms AND rescue AND nottingham
1,1800,1800,274,7.637314791211512, rooms AND rescue AND nottingham
1,1861,1861,275,7.637314791211512, rooms AND rescue AND nottingham
1,1904,1904,276,7.637314791211512, rooms AND rescue AND nottingham
1,2024,2024,277,7.637314791211512, rooms AND rescue AND nottingham
1,2179,2179,278,7.637314791211512, rooms AND rescue AND nottingham
1,2187,2187,279,7.637314791211512, rooms AND rescue AND nottingham
1,2307,2307,280,7.637314791211512, rooms AND rescue AND nottingham
1,2386,2386,281,7.637314791211512, rooms AND rescue AND nottingham
1,2467,2467,282,7.637314791211512, rooms AND rescue AND nottingham
1,2577,2577,283,7.637314791211512, rooms AND rescue AND nottingham
1,2628,2628,284,7.637314791211512, rooms AND rescue AND nottingham
1,2710,2710,285,7.637314791211512, rooms AND rescue AND nottingham
1,2878,2878,286,7.637314791211512, rooms AND rescue AND nottingham
1,3327,3327,287,7.637314791211512, rooms AND rescue AND nottingham
1,3400,3400,288,7.637314791211512, rooms AND rescue AND nottingham
1,3724,3724,289,7.637314791211512, rooms AND rescue AND nottingham
1,3835,3835,290,7.637314791211512, rooms AND rescue AND nottingham
1,3993,3993,291,7.637314791211512, rooms AND rescue AND nottingham
1,4177,4177,292,7.637314791211512, rooms AND rescue AND nottingham
1,4255,4255,293,7.637314791211512, rooms AND rescue AND nottingham
1,4292,4292,294,7.637314791211512, rooms AND rescue AND nottingham
1,4310,4310,295,7.637314791211512, rooms AND rescue AND nottingham
1,4374,4374,296,7.637314791211512, rooms AND rescue AND nottingham
1,4383,4383,297,7.637314791211512, rooms AND rescue AND nottingham
1,4448,4448,298,7.637314791211512, rooms AND rescue AND nottingham
1,4520,4520,299,7.637314791211512, rooms AND rescue AND nottingham
1,4585,4585,300,7.637314791211512, rooms AND rescue AND nottingham
1,4625,4625,301,7.637314791211512, rooms AND rescue AND nottingham
1,4630,4630,302,7.637314791211512, rooms AND rescue AND nottingham
1,4797,4797,303,7.637314791211512, rooms AND rescue AND nottingham
1,4947,4947,304,7.637314791211512, rooms AND rescue AND nottingham
1,5263,5263,305,7.637314791211512, rooms AND rescue AND nottingham
1,5393,5393,306,7.637314791211512, rooms AND rescue AND nottingham
1,5437,5437,307,7.637314791211512, rooms AND rescue AND nottingham
1,5466,5466,308,7.637314791211512, rooms AND rescue AND nottingham
1,5555,5555,309,7.637314791211512, rooms AND rescue AND nottingham
1,5715,5715,310,7.637314791211512, rooms AND rescue AND nottingham
1,5857,5857,311,7.637314791211512, rooms AND rescue AND nottingham
1,5963,5963,312,7.637314791211512, rooms AND rescue AND nottingham
1,5975,5975,313,7.637314791211512, rooms AND rescue AND nottingham
1,6147,6147,314,7.637314791211512, rooms AND rescue AND nottingham
1,6186,6186,315,7.637314791211512, rooms AND rescue AND nottingham
1,6220,6220,316,7.637314791211512, rooms AND rescue AND nottingham
1,6308,6308,317,7.637314791211512, rooms AND rescue AND nottingham
1,6386,6386,318,7.637314791211512, rooms AND rescue AND nottingham
1,6855,6855,319,7.637314791211512, rooms AND rescue AND nottingham
1,6977,6977,320,7.637314791211512, rooms AND rescue AND nottingham
1,7196,7196,321,7.637314791211512, rooms AND rescue AND nottingham
1,7318,7318,322,7.637314791211512, rooms AND rescue AND nottingham
1,7435,7435,323,7.637314791211512, rooms AND rescue AND nottingham
1,7526,7526,324,7.637314791211512, rooms AND rescue AND nottingham
1,7622,7622,325,7.637314791211512, rooms AND rescue AND nottingham
1,7978,7978,326,7.637314791211512, rooms AND rescue AND nottingham
1,8312,8312,327,7.637314791211512, rooms AND rescue AND nottingham
1,8403,8403,328,7.637314791211512, rooms AND rescue AND nottingham
1,8472,8472,329,7.637314791211512, rooms AND rescue AND nottingham
1,8488,8488,330,7.637314791211512, rooms AND rescue AND nottingham
1,8527,8527,331,7.637314791211512, rooms AND rescue AND nottingham
1,8585,8585,332,7.637314791211512, rooms AND rescue AND nottingham
1,8868,8868,333,7.637314791211512, rooms AND rescue AND nottingham
1,8906,8906,334,7.637314791211512, rooms AND rescue AND nottingham
1,8917,8917,335,7.637314791211512, rooms AND rescue AND nottingham
1,8931,8931,336,7.637314791211512, rooms AND rescue AND nottingham
1,8971,8971,337,7.637314791211512, rooms AND rescue AND nottingham
1,9250,9250,338,7.637314791211512, rooms AND rescue AND nottingham
1,9369,9369,339,7.637314791211512, rooms AND rescue AND nottingham
1,9499,9499,340,7.637314791211512, rooms AND rescue AND nottingham
1,9643,9643,341,7.637314791211512, rooms AND rescue AND nottingham
1,9657,9657,342,7.637314791211512, rooms AND rescue AND nottingham
1,10088,10088,343,7.637314791211512, rooms AND rescue AND nottingham
1,10231,10231,344,7.637314791211512, rooms AND rescue AND nottingham
1,10285,10285,345,7.637314791211512, rooms AND rescue AND nottingham
1,10353,10353,346,7.637314791211512, rooms AND rescue AND nottingham
1,10407,10407,347,7.637314791211512, rooms AND rescue AND nottingham
1,10612,10612,348,7.637314791211512, rooms AND rescue AND nottingham
1,10664,10664,349,7.637314791211512, rooms AND rescue AND nottingham
1,10858,10858,350,7.637314791211512, rooms AND rescue AND nottingham
1,11009,11009,351,7.637314791211512, rooms AND rescue AND nottingham
1,11010,11010,352,7.637314791211512, rooms AND rescue AND nottingham
1,11054,11054,353,7.637314791211512, rooms AND rescue AND nottingham
1,11253,11253,354,7.637314791211512, rooms AND rescue AND nottingham
1,11284,11284,355,7.637314791211512, rooms AND rescue AND nottingham
1,11375,11375,356,7.637314791211512, rooms AND rescue AND nottingham
1,11423,11423,357,7.637314791211512, rooms AND rescue AND nottingham
1,11503,11503,358,7.637314791211512, rooms AND rescue AND nottingham
1,11772,11772,359,7.637314791211512, rooms AND rescue AND nottingham
1,11852,11852,360,7.637314791211512, rooms AND rescue AND nottingham
1,12232,12232,361,7.637314791211512, rooms AND rescue AND nottingham
1,12593,12593,362,7.637314791211512, rooms AND rescue AND nottingham
1,12647,12647,363,7.637314791211512, rooms AND rescue AND nottingham
1,12674,12674,364,7.637314791211512, rooms AND rescue AND nottingham
1,12863,12863,365,7.637314791211512, rooms AND rescue AND nottingham
1,12903,12903,366,7.637314791211512, rooms AND rescue AND nottingham
1,13079,13079,367,7.637314791211512, rooms AND rescue AND nottingham
1,13133,13133,368,7.637314791211512, rooms AND rescue AND nottingham
1,13367,13367,369,7.637314791211512, rooms AND rescue AND nottingham
1,13403,13403,370,7.637314791211512, rooms AND rescue AND nottingham
1,13590,13590,371,7.637314791211512, rooms AND rescue AND nottingham
1,13621,13621,372,7.637314791211512, rooms AND rescue AND nottingham
1,13714,13714,373,7.637314791211512, rooms AND rescue AND nottingham
1,561,561,374,7.563850890348507, rooms AND rescue AND nottingham
1,1389,1389,375,7.527438519585763, rooms AND rescue AND nottingham
1,1446,1446,376,7.527438519585763, rooms AND rescue AND nottingham
1,1732,1732,377,7.527438519585763, rooms AND rescue AND nottingham
1,1873,1873,378,7.527438519585763, rooms AND rescue AND nottingham
1,2234,2234,379,7.527438519585763, rooms AND rescue AND nottingham
1,2401,2401,380,7.527438519585763, rooms AND rescue AND nottingham
1,2414,2414,381,7.527438519585763, rooms AND rescue AND nottingham
1,2677,2677,382,7.527438519585763, rooms AND rescue AND nottingham
1,2824,2824,383,7.527438519585763, rooms AND rescue AND nottingham
1,3170,3170,384,7.527438519585763, rooms AND rescue AND nottingham
1,3171,3171,385,7.527438519585763, rooms AND rescue AND nottingham
1,3886,3886,386,7.527438519585763, rooms AND rescue AND nottingham
1,3991,3991,387,7.527438519585763, rooms AND rescue AND nottingham
1,4001,4001,388,7.527438519585763, rooms AND rescue AND nottingham
1,4682,4682,389,7.527438519585763, rooms AND rescue AND nottingham
1,4938,4938,390,7.527438519585763, rooms AND rescue AND nottingham
1,5516,5516,391,7.527438519585763, rooms AND rescue AND nottingham
1,6119,6119,392,7.527438519585763, rooms AND rescue AND nottingham
1,6229,6229,393,7.527438519585763, rooms AND rescue AND nottingham
1,6271,6271,394,7.527438519585763, rooms AND rescue AND nottingham
1,6532,6532,395,7.527438519585763, rooms AND rescue AND nottingham
1,6572,6572,396,7.527438519585763, rooms AND rescue AND nottingham
1,6576,6576,397,7.527438519585763, rooms AND rescue AND nottingham
1,6775,6775,398,7.527438519585763, rooms AND rescue AND nottingham
1,6920,6920,399,7.527438519585763, rooms AND rescue AND nottingham
1,7287,7287,400,7.527438519585763, rooms AND rescue AND nottingham
1,7537,7537,401,7.527438519585763, rooms AND rescue AND nottingham
1,8112,8112,402,7.527438519585763, rooms AND rescue AND nottingham
1,8153,8153,403,7.527438519585763, rooms AND rescue AND nottingham
1,8415,8415,404,7.527438519585763, rooms AND rescue AND nottingham
1,8655,8655,405,7.527438519585763, rooms AND rescue AND nottingham
1,8682,8682,406,7.527438519585763, rooms AND rescue AND nottingham
1,8807,8807,407,7.527438519585763, rooms AND rescue AND nottingham
1,9080,9080,408,7.527438519585763, rooms AND rescue AND nottingham
1,9206,9206,409,7.527438519585763, rooms AND rescue AND nottingham
1,9968,9968,410,7.527438519585763, rooms AND rescue AND nottingham
1,10881,10881,411,7.527438519585763, rooms AND rescue AND nottingham
1,11363,11363,412,7.527438519585763, rooms AND rescue AND nottingham
1,11430,11430,413,7.527438519585763, rooms AND rescue AND nottingham
1,11516,11516,414,7.527438519585763, rooms AND rescue AND nottingham
1,11709,11709,415,7.527438519585763, rooms AND rescue AND nottingham
1,11910,11910,416,7.527438519585763, rooms AND rescue AND nottingham
1,11961,11961,417,7.527438519585763, rooms AND rescue AND nottingham
1,12073,12073,418,7.527438519585763, rooms AND rescue AND nottingham
1,12079,12079,419,7.527438519585763, rooms AND rescue AND nottingham
1,12106,12106,420,7.527438519585763, rooms AND rescue AND nottingham
1,12140,12140,421,7.527438519585763, rooms AND rescue AND nottingham
1,12366,12366,422,7.527438519585763, rooms AND rescue AND nottingham
1,12825,12825,423,7.527438519585763, rooms AND rescue AND nottingham
1,12988,12988,424,7.527438519585763, rooms AND rescue AND nottingham
1,13143,13143,425,7.527438519585763, rooms AND rescue AND nottingham
1,13307,13307,426,7.527438519585763, rooms AND rescue AND nottingham
1,13356,13356,427,7.527438519585763, rooms AND rescue AND nottingham
1,13402,13402,428,7.527438519585763, rooms AND rescue AND nottingham
1,13661,13661,429,7.527438519585763, rooms AND rescue AND nottingham
1,5139,5139,430,7.4206789376010605, rooms AND rescue AND nottingham
1,5145,5145,431,7.4206789376010605, rooms AND rescue AND nottingham
1,6651,6651,432,7.4206789376010605, rooms AND rescue AND nottingham
1,7322,7322,433,7.4206789376010605, rooms AND rescue AND nottingham
1,8784,8784,434,7.4206789376010605, rooms AND rescue AND nottingham
1,9895,9895,435,7.4206789376010605, rooms AND rescue AND nottingham
1,10244,10244,436,7.4206789376010605, rooms AND rescue AND nottingham
1,10849,10849,437,7.4206789376010605, rooms AND rescue AND nottingham
1,12302,12302,438,7.4206789376010605, rooms AND rescue AND nottingham
1,13019,13019,439,7.4206789376010605, rooms AND rescue AND nottingham
1,23,23,440,7.317036228463795, rooms AND rescue AND nottingham
1,1296,1296,441,7.316905290273517, rooms AND rescue AND nottingham
1,1495,1495,442,7.316905290273517, rooms AND rescue AND nottingham
1,1679,1679,443,7.316905290273517, rooms AND rescue AND nottingham
1,3904,3904,444,7.316905290273517, rooms AND rescue AND nottingham
1,4674,4674,445,7.316905290273517, rooms AND rescue AND nottingham
1,5725,5725,446,7.316905290273517, rooms AND rescue AND nottingham
1,5806,5806,447,7.316905290273517, rooms AND rescue AND nottingham
1,6594,6594,448,7.316905290273517, rooms AND rescue AND nottingham
1,6655,6655,449,7.316905290273517, rooms AND rescue AND nottingham
1,6876,6876,450,7.316905290273517, rooms AND rescue AND nottingham
1,7959,7959,451,7.316905290273517, rooms AND rescue AND nottingham
1,10258,10258,452,7.316905290273517, rooms AND rescue AND nottingham
1,10267,10267,453,7.316905290273517, rooms AND rescue AND nottingham
1,10343,10343,454,7.316905290273517, rooms AND rescue AND nottingham
1,10727,10727,455,7.316905290273517, rooms AND rescue AND nottingham
1,11383,11383,456,7.316905290273517, rooms AND rescue AND nottingham
1,11677,11677,457,7.316905290273517, rooms AND rescue AND nottingham
1,11787,11787,458,7.316905290273517, rooms AND rescue AND nottingham
1,12393,12393,459,7.316905290273517, rooms AND rescue AND nottingham
1,13125,13125,460,7.316905290273517, rooms AND rescue AND nottingham
1,334,334,461,6.929297380721701, rooms AND rescue AND nottingham
1,938,938,462,6.779765075497935, rooms AND rescue AND nottingham
1,605,605,463,6.7343508835677754, rooms AND rescue AND nottingham
1,127,127,464,6.723533572034047, rooms AND rescue AND nottingham
1,15465,15465,465,6.6119950717088765, rooms AND rescue AND nottingham
1,15788,15788,466,6.6119950717088765, rooms AND rescue AND nottingham
1,16217,16217,467,6.6119950717088765, rooms AND rescue AND nottingham
1,16224,16224,468,6.6119950717088765, rooms AND rescue AND nottingham
1,16686,16686,469,6.6119950717088765, rooms AND rescue AND nottingham
1,17237,17237,470,6.6119950717088765, rooms AND rescue AND nottingham
1,14662,14662,471,6.591171694783825, rooms AND rescue AND nottingham
1,982,982,472,6.553321069431348, rooms AND rescue AND nottingham
1,14613,14613,473,6.449001308232495, rooms AND rescue AND nottingham
1,15934,15934,474,6.449001308232495, rooms AND rescue AND nottingham
1,262,262,475,6.439042581621906, rooms AND rescue AND nottingham
1,854,854,476,6.439042581621906, rooms AND rescue AND nottingham
1,734,734,477,6.387988569647011, rooms AND rescue AND nottingham
1,683,683,478,5.962116455212341, rooms AND rescue AND nottingham
1,655,655,479,5.911530143322438, rooms AND rescue AND nottingham
1,302,302,480,5.867420105715842, rooms AND rescue AND nottingham
1,44,44,481,5.580570947512108, rooms AND rescue AND nottingham
1,581,581,482,5.5363028906731575, rooms AND rescue AND nottingham
1,510,510,483,5.3728640089412085, rooms AND rescue AND nottingham
1,879,879,484,5.327823788598153, rooms AND rescue AND nottingham
1,333,333,485,5.268818876038961, rooms AND rescue AND nottingham
1,759,759,486,5.218764972285072, rooms AND rescue AND nottingham
1,630,630,487,5.211216050577153, rooms AND rescue AND nottingham
1,94,94,488,5.035470998558277, rooms AND rescue AND nottingham
1,986,986,489,4.792542208577878, rooms AND rescue AND nottingham
1,927,927,490,4.790468759563939, rooms AND rescue AND nottingham
1,93,93,491,4.724016512822798, rooms AND rescue AND nottingham
1,746,746,492,4.681746217601021, rooms AND rescue AND nottingham
1,626,626,493,4.650549841018701, rooms AND rescue AND nottingham
1,682,682,494,4.569271459671398, rooms AND rescue AND nottingham
1,248,248,495,4.542873646381563, rooms AND rescue AND nottingham
1,346,346,496,4.236310539168867, rooms AND rescue AND nottingham
1,618,618,497,4.1034153487377685, rooms AND rescue AND nottingham
1,632,632,498,4.040046208856237, rooms AND rescue AND nottingham
1,105,105,499,3.968583995973913, rooms AND rescue AND nottingham
1,590,590,500,3.868326246968561, rooms AND rescue AND nottingham
1,523,523,501,3.8362815100798513, rooms AND rescue AND nottingham
1,685,685,502,3.7237860739985393, rooms AND rescue AND nottingham
1,33,33,503,3.6909518871976537, rooms AND rescue AND nottingham
1,735,735,504,3.620688388385517, rooms AND rescue AND nottingham
1,548,548,505,3.6123877817120493, rooms AND rescue AND nottingham
1,665,665,506,3.5958053545722763, rooms AND rescue AND nottingham
1,668,668,507,3.5958053545722763, rooms AND rescue AND nottingham
1,872,872,508,3.3645762210614794, rooms AND rescue AND nottingham
1,623,623,509,3.3289257183187253, rooms AND rescue AND nottingham
1,874,874,510,3.1853646884899662, rooms AND rescue AND nottingham
1,853,853,511,2.99825013954172, rooms AND rescue AND nottingham
1,77,77,512,2.9811669028065326, rooms AND rescue AND nottingham
1,656,656,513,2.876699940314587, rooms AND rescue AND nottingham
1,911,911,514,2.7903806844640724, rooms AND rescue AND nottingham
1,284,284,515,2.717906395601786, rooms AND rescue AND nottingham
1,434,434,516,2.662582398572094, rooms AND rescue AND nottingham
1,837,837,517,2.640212609308656, rooms AND rescue AND nottingham
1,603,603,518,2.609465751249424, rooms AND rescue AND nottingham
1,224,224,519,2.558426932268644, rooms AND rescue AND nottingham
1,651,651,520,2.5214391098842652, rooms AND rescue AND nottingham
1,780,780,521,2.4737541935120526, rooms AND rescue AND nottingham
1,823,823,522,2.383598003718131, rooms AND rescue AND nottingham
1,265,265,523,2.3727884432034214, rooms AND rescue AND nottingham
1,403,403,524,2.3594237984130086, rooms AND rescue AND nottingham
1,512,512,525,2.2772702144863577, rooms AND rescue AND nottingham
1,364,364,526,2.250338709006368, rooms AND rescue AND nottingham
1,313,313,527,2.221660759043344, rooms AND rescue AND nottingham
1,793,793,528,2.191428118945339, rooms AND rescue AND nottingham
1,386,386,529,2.1754739830374334, rooms AND rescue AND nottingham
1,781,781,530,2.1575325449535847, rooms AND rescue AND nottingham
1,182,182,531,2.148672344342343, rooms AND rescue AND nottingham
1,212,212,532,2.0382649926299585, rooms AND rescue AND nottingham
1,216,216,533,1.9762230287507467, rooms AND rescue AND nottingham
1,907,907,534,1.9413856771314066, rooms AND rescue AND nottingham
1,670,670,535,1.5320844638779545, rooms AND rescue AND nottingham
1,180,180,536,1.3642978878895313, rooms AND rescue AND nottingham
1,65,65,537,1.179975824684984, rooms AND rescue AND nottingham
1,435,435,538,1.0688676144913947, rooms AND rescue AND nottingham
1,271,271,539,1.0189116120943875, rooms AND rescue AND nottingham
1,75,75,540,1.0032813860351657, rooms AND rescue AND nottingham
1,834,834,541,0.9752310831876192, rooms AND rescue AND nottingham
1,175,175,542,0.9556376969885629, rooms AND rescue AND nottingham
1,61,61,543,0.9401828708880364, rooms AND rescue AND nottingham
1,757,757,544,0.9285037529584703, rooms AND rescue AND nottingham
1,895,895,545,0.8143390107009353, rooms AND rescue AND nottingham
1,137,137,546,0.8055625671667505, rooms AND rescue AND nottingham
1,962,962,547,0.5533738603851458, rooms AND rescue AND nottingham
1,845,845,548,0.5142165215641257, rooms AND rescue AND nottingham
1,295,295,549,0.5132077676135047, rooms AND rescue AND nottingham
1,390,390,550,0.511702035800616, rooms AND rescue AND nottingham
1,565,565,551,0.462408962977498, rooms AND rescue AND nottingham
